bus_route,bus_link,bus_name,bus_type,departing_time,duration,reaching_time,seat_available,star_rating,price
Chandigarh to Hamirpur (Himachal Pradesh),https://www.redbus.in/bus-tickets/chandigarh-to-hamirpur-himachal-pradesh,HRTC - 401670,Ordinary 3+2 Non AC Seater,18:00,4h,22:00,37 Seats,3.3,₹335
Chandigarh to Hamirpur (Himachal Pradesh),https://www.redbus.in/bus-tickets/chandigarh-to-hamirpur-himachal-pradesh,HRTC - 1549,Ordinary 3+2 Non AC Seater,18:15,5h 42m,23:57,13 Seats,3.0,₹392
Chandigarh to Hamirpur (Himachal Pradesh),https://www.redbus.in/bus-tickets/chandigarh-to-hamirpur-himachal-pradesh,HRTC - 1209,Ordinary 3+2 Non AC Seater,20:50,5h 25m,02:15,37 Seats,3.8,₹357
Chandigarh to Hamirpur (Himachal Pradesh),https://www.redbus.in/bus-tickets/chandigarh-to-hamirpur-himachal-pradesh,HRTC - 1227,Ordinary 3+2 Non AC Seater,21:40,5h 20m,03:00,37 Seats,3.8,₹392
Hamirpur (Himachal Pradesh) to Chandigarh,https://www.redbus.in/bus-tickets/hamirpur-himachal-pradesh-to-chandigarh,New Himalaya Travels,Volvo A/C Semi Sleeper (2+2),20:45,4h 35m,01:20,18 Seats,4.4,₹669
Hamirpur (Himachal Pradesh) to Chandigarh,https://www.redbus.in/bus-tickets/hamirpur-himachal-pradesh-to-chandigarh,Rudra travels,Volvo A/C Semi Sleeper (2+2),21:45,3h 45m,01:30,20 Seats,4.3,₹699
Hamirpur (Himachal Pradesh) to Chandigarh,https://www.redbus.in/bus-tickets/hamirpur-himachal-pradesh-to-chandigarh,Himalayan Nomad Ktc,Volvo A/C Semi Sleeper (2+2),22:05,3h 25m,01:30,12 Seats,4.1,₹720
Hamirpur (Himachal Pradesh) to Chandigarh,https://www.redbus.in/bus-tickets/hamirpur-himachal-pradesh-to-chandigarh,Laxmi holidays,Volvo A/C Semi Sleeper (2+2),22:05,4h 35m,02:40,11 Seats,5.0,₹670
Hamirpur (Himachal Pradesh) to Chandigarh,https://www.redbus.in/bus-tickets/hamirpur-himachal-pradesh-to-chandigarh,HIMALAYAN HOLIDAYS,Scania A/C Semi Sleeper (2+2),22:15,3h 45m,02:00,19 Seats,3.8,₹629
Hamirpur (Himachal Pradesh) to Chandigarh,https://www.redbus.in/bus-tickets/hamirpur-himachal-pradesh-to-chandigarh,Himalayan Nomad Ktc,Volvo A/C Semi Sleeper (2+2),22:25,3h 20m,01:45,6 Seats,4.7,₹675
Hamirpur (Himachal Pradesh) to Chandigarh,https://www.redbus.in/bus-tickets/hamirpur-himachal-pradesh-to-chandigarh,Rudra travels,Volvo A/C Semi Sleeper (2+2),22:55,3h 45m,02:40,15 Seats,4.3,₹672
Hamirpur (Himachal Pradesh) to Chandigarh,https://www.redbus.in/bus-tickets/hamirpur-himachal-pradesh-to-chandigarh,Northern Travels,Volvo A/C Semi Sleeper (2+2),21:45,3h 45m,01:30,13 Seats,2.9,₹717
Hamirpur (Himachal Pradesh) to Chandigarh,https://www.redbus.in/bus-tickets/hamirpur-himachal-pradesh-to-chandigarh,Ram Dalal Holidays Pvt Ltd,Volvo 9600 Multi Axle Semi-Sleeper (2+2),20:10,3h 40m,23:50,37 Seats,4.3,"₹4,000"
Hamirpur (Himachal Pradesh) to Chandigarh,https://www.redbus.in/bus-tickets/hamirpur-himachal-pradesh-to-chandigarh,Ram Dalal Holidays Pvt Ltd,Volvo A/C Semi Sleeper (2+2),20:15,4h 20m,00:35,4 Seats,3.6,"₹1,279"
Hamirpur (Himachal Pradesh) to Chandigarh,https://www.redbus.in/bus-tickets/hamirpur-himachal-pradesh-to-chandigarh,Laxmi holidays,Volvo A/C Semi Sleeper (2+2),20:20,4h 10m,00:30,4 Seats,4.9,₹999
Hamirpur (Himachal Pradesh) to Chandigarh,https://www.redbus.in/bus-tickets/hamirpur-himachal-pradesh-to-chandigarh,Laxmi holidays,Volvo 9600 A/C Semi Sleeper (2+2),21:50,4h 10m,02:00,6 Seats,4.3,₹899
Hamirpur (Himachal Pradesh) to Chandigarh,https://www.redbus.in/bus-tickets/hamirpur-himachal-pradesh-to-chandigarh,Ram Dalal Holidays Pvt Ltd,Volvo A/C Semi Sleeper (2+2),22:00,4h 20m,02:20,8 Seats,4.7,₹899
Hamirpur (Himachal Pradesh) to Chandigarh,https://www.redbus.in/bus-tickets/hamirpur-himachal-pradesh-to-chandigarh,Bedi Travels,Volvo A/C Semi Sleeper (2+2),22:05,3h 50m,01:55,4 Seats,4.9,₹872
Delhi to Shimla,https://www.redbus.in/bus-tickets/delhi-to-shimla,Himachal Pradesh Tourism Development Corporation (HPTDC) - 167896,AC Seater (2+2),21:00,9h,06:00,37 Seats,3.3,"₹1,000"
Delhi to Shimla,https://www.redbus.in/bus-tickets/delhi-to-shimla,Bedi Travels,Volvo A/C Semi Sleeper (2+2),23:00,9h,08:00,16 Seats,4.7,₹450
Delhi to Shimla,https://www.redbus.in/bus-tickets/delhi-to-shimla,zingbus plus,Bharat Benz A/C Semi Sleeper (2+2),23:30,9h 45m,09:15,12 Seats,4.7,₹573
Delhi to Shimla,https://www.redbus.in/bus-tickets/delhi-to-shimla,Ram Dalal Holidays Pvt Ltd,Volvo Multi-Axle I-Shift B11R Semi Sleeper (2+2),23:00,9h 10m,08:10,13 Seats,4.4,₹500
Delhi to Shimla,https://www.redbus.in/bus-tickets/delhi-to-shimla,FlixBus,Bharat Benz A/C Semi Sleeper (2+2),23:15,9h 10m,08:25,23 Seats,4.6,₹373
Delhi to Shimla,https://www.redbus.in/bus-tickets/delhi-to-shimla,zingbus plus,Bharat Benz A/C Semi Sleeper (2+2),22:55,9h 35m,08:30,25 Seats,4.3,₹419
Delhi to Shimla,https://www.redbus.in/bus-tickets/delhi-to-shimla,Vishal tour and travels,Bharat Benz A/C Semi Sleeper (2+2),21:20,8h,05:20,18 Seats,4.3,₹481
Delhi to Shimla,https://www.redbus.in/bus-tickets/delhi-to-shimla,FlixBus,A/C Semi Sleeper (2+2),22:30,9h 20m,07:50,20 Seats,4.4,₹449
Delhi to Shimla,https://www.redbus.in/bus-tickets/delhi-to-shimla,City Land Travels,Volvo A/C Semi Sleeper (2+2),22:30,7h 30m,06:00,30 Seats,3.8,₹360
Delhi to Shimla,https://www.redbus.in/bus-tickets/delhi-to-shimla,Laxmi holidays,Scania Multi-Axle AC Semi Sleeper (2+2),22:30,8h 50m,07:20,31 Seats,4.3,₹700
Delhi to Shimla,https://www.redbus.in/bus-tickets/delhi-to-shimla,zingbus plus,Bharat Benz A/C Semi Sleeper (2+2),22:55,9h 35m,08:30,25 Seats,4.3,₹419
Delhi to Shimla,https://www.redbus.in/bus-tickets/delhi-to-shimla,Vishal tour and travels,Bharat Benz A/C Semi Sleeper (2+2),21:20,8h,05:20,18 Seats,4.3,₹481
Delhi to Shimla,https://www.redbus.in/bus-tickets/delhi-to-shimla,Laxmi holidays,Scania Multi-Axle AC Semi Sleeper (2+2),22:50,8h 30m,07:20,25 Seats,4.3,₹600
Delhi to Shimla,https://www.redbus.in/bus-tickets/delhi-to-shimla,FlixBus,A/C Semi Sleeper (2+2),22:30,9h 20m,07:50,20 Seats,4.4,₹449
Delhi to Shimla,https://www.redbus.in/bus-tickets/delhi-to-shimla,Laxmi holidays,Scania Multi-Axle AC Semi Sleeper (2+2),23:30,8h 30m,08:00,19 Seats,4.3,₹652
Delhi to Shimla,https://www.redbus.in/bus-tickets/delhi-to-shimla,City Land Travels,Volvo A/C Semi Sleeper (2+2),22:30,7h 30m,06:00,31 Seats,3.8,₹360
Delhi to Shimla,https://www.redbus.in/bus-tickets/delhi-to-shimla,zingbus plus,Volvo 9600 A/C Semi Sleeper (2+2),22:30,9h 35m,08:05,21 Seats,3.7,₹432
Delhi to Shimla,https://www.redbus.in/bus-tickets/delhi-to-shimla,Himalayan Nomad Ktc,Volvo A/C Semi Sleeper (2+2),21:00,8h,05:00,28 Seats,4.6,₹515
Delhi to Shimla,https://www.redbus.in/bus-tickets/delhi-to-shimla,RAO TRAVELS INDIA PVT LTD.,VE A/C Seater (2+2),22:50,9h 20m,08:10,49 Seats,2.6,"₹1,234"
Shimla to Delhi,https://www.redbus.in/bus-tickets/shimla-to-delhi,Himachal Pradesh Tourism Development Corporation (HPTDC) - 49524,AC Seater (2+2),20:30,9h,05:30,27 Seats,3.4,"₹1,000"
Shimla to Delhi,https://www.redbus.in/bus-tickets/shimla-to-delhi,Bedi Travels,Volvo A/C Semi Sleeper (2+2),21:30,8h,05:30,6 Seats,4.8,₹521
Shimla to Delhi,https://www.redbus.in/bus-tickets/shimla-to-delhi,zingbus plus,Bharat Benz A/C Semi Sleeper (2+2),21:30,8h 45m,06:15,18 Seats,4.7,₹548
Shimla to Delhi,https://www.redbus.in/bus-tickets/shimla-to-delhi,Ram Dalal Holidays Pvt Ltd,Volvo Multi-Axle I-Shift B11R Semi Sleeper (2+2),22:00,8h 40m,06:40,19 Seats,4.5,₹550
Shimla to Delhi,https://www.redbus.in/bus-tickets/shimla-to-delhi,Laxmi holidays,Scania Multi-Axle AC Semi Sleeper (2+2),20:30,8h 15m,04:45,28 Seats,4.4,₹629
Shimla to Delhi,https://www.redbus.in/bus-tickets/shimla-to-delhi,zingbus plus,Bharat Benz A/C Semi Sleeper (2+2),20:30,8h 35m,05:05,17 Seats,4.4,₹533
Shimla to Delhi,https://www.redbus.in/bus-tickets/shimla-to-delhi,Deltin Travels Pvt Ltd,Scania Multi-Axle AC Semi Sleeper (2+2),22:00,7h 30m,05:30,28 Seats,4.4,₹458
Shimla to Delhi,https://www.redbus.in/bus-tickets/shimla-to-delhi,City Land Travels,Volvo A/C Semi Sleeper (2+2),22:30,7h,05:30,23 Seats,4.0,₹450
Shimla to Delhi,https://www.redbus.in/bus-tickets/shimla-to-delhi,FlixBus,Bharat Benz A/C Seater (2+2),22:15,8h 35m,06:50,21 Seats,4.4,₹487
Shimla to Delhi,https://www.redbus.in/bus-tickets/shimla-to-delhi,Vishal tour and travels,Bharat Benz A/C Semi Sleeper (2+2),22:40,7h,05:40,15 Seats,3.6,₹481
Shimla to Delhi,https://www.redbus.in/bus-tickets/shimla-to-delhi,zingbus plus,Bharat Benz A/C Semi Sleeper (2+2),20:30,8h 35m,05:05,17 Seats,4.4,₹533
Shimla to Delhi,https://www.redbus.in/bus-tickets/shimla-to-delhi,Deltin Travels Pvt Ltd,Scania Multi-Axle AC Semi Sleeper (2+2),22:00,7h 30m,05:30,28 Seats,4.4,₹458
Shimla to Delhi,https://www.redbus.in/bus-tickets/shimla-to-delhi,City Land Travels,Volvo A/C Semi Sleeper (2+2),22:30,7h,05:30,23 Seats,4.0,₹450
Shimla to Delhi,https://www.redbus.in/bus-tickets/shimla-to-delhi,FlixBus,Bharat Benz A/C Seater (2+2),22:15,8h 35m,06:50,21 Seats,4.4,₹487
Shimla to Delhi,https://www.redbus.in/bus-tickets/shimla-to-delhi,Vishal tour and travels,Bharat Benz A/C Semi Sleeper (2+2),22:40,7h,05:40,15 Seats,3.6,₹481
Shimla to Delhi,https://www.redbus.in/bus-tickets/shimla-to-delhi,zingbus plus,Volvo 9600 A/C Semi Sleeper (2+2),21:00,8h 25m,05:25,5 Seats,4.2,₹557
Shimla to Delhi,https://www.redbus.in/bus-tickets/shimla-to-delhi,Himalayan Nomad Ktc,Volvo A/C Semi Sleeper (2+2),23:30,7h,06:30,18 Seats,3.4,₹481
Delhi to Hamirpur (Himachal Pradesh),https://www.redbus.in/bus-tickets/delhi-to-hamirpur-himachal-pradesh,Bedi Travels,Volvo A/C Semi Sleeper (2+2),21:30,8h 45m,06:15,2 Seats,4.8,₹540
Delhi to Hamirpur (Himachal Pradesh),https://www.redbus.in/bus-tickets/delhi-to-hamirpur-himachal-pradesh,Ram Dalal Holidays Pvt Ltd,Volvo A/C Semi Sleeper (2+2),21:20,8h 35m,05:55,6 Seats,4.7,₹899
Delhi to Hamirpur (Himachal Pradesh),https://www.redbus.in/bus-tickets/delhi-to-hamirpur-himachal-pradesh,Ram Dalal Holidays Pvt Ltd,Volvo A/C Semi Sleeper (2+2),22:00,7h 55m,05:55,4 Seats,4.4,₹899
Delhi to Hamirpur (Himachal Pradesh),https://www.redbus.in/bus-tickets/delhi-to-hamirpur-himachal-pradesh,Laxmi holidays,Volvo A/C Semi Sleeper (2+2),22:00,9h,07:00,7 Seats,4.4,₹709
Delhi to Hamirpur (Himachal Pradesh),https://www.redbus.in/bus-tickets/delhi-to-hamirpur-himachal-pradesh,Laxmi holidays,Volvo A/C Semi Sleeper (2+2),20:00,8h 30m,04:30,14 Seats,4.3,₹714
Delhi to Hamirpur (Himachal Pradesh),https://www.redbus.in/bus-tickets/delhi-to-hamirpur-himachal-pradesh,Himalayan Nomad Ktc,Volvo A/C Semi Sleeper (2+2),21:00,8h 20m,05:20,1 Seats,4.3,₹729
Delhi to Hamirpur (Himachal Pradesh),https://www.redbus.in/bus-tickets/delhi-to-hamirpur-himachal-pradesh,Himalayan Nomad Ktc,Volvo A/C Semi Sleeper (2+2),21:00,8h 20m,05:20,1 Seats,4.3,₹729
Delhi to Hamirpur (Himachal Pradesh),https://www.redbus.in/bus-tickets/delhi-to-hamirpur-himachal-pradesh,Northern Travels,Volvo A/C Semi Sleeper (2+2),21:00,8h 30m,05:30,5 Seats,3.7,₹702
Delhi to Hamirpur (Himachal Pradesh),https://www.redbus.in/bus-tickets/delhi-to-hamirpur-himachal-pradesh,Northern Travels,Volvo A/C Semi Sleeper (2+2),21:30,8h 10m,05:40,1 Seats,3.7,₹854
Delhi to Hamirpur (Himachal Pradesh),https://www.redbus.in/bus-tickets/delhi-to-hamirpur-himachal-pradesh,New Himalaya Travels,Volvo A/C Semi Sleeper (2+2),20:45,9h 55m,06:40,16 Seats,4.2,₹699
Chandigarh to Kangra,https://www.redbus.in/bus-tickets/chandigarh-to-kangra,Laxmi holidays,Bharat Benz A/C Semi Sleeper (2+2),23:50,5h,04:50,8 Seats,4.3,₹597
Chandigarh to Kangra,https://www.redbus.in/bus-tickets/chandigarh-to-kangra,Laxmi holidays,Volvo 9600 A/C Semi Sleeper (2+2),23:55,5h 15m,05:10,11 Seats,4.5,₹600
Chandigarh to Kangra,https://www.redbus.in/bus-tickets/chandigarh-to-kangra,New Walia Travels,Volvo 9600 A/C Semi Sleeper (2+2),23:55,5h 10m,05:05,16 Seats,4.7,₹567
Chandigarh to Kangra,https://www.redbus.in/bus-tickets/chandigarh-to-kangra,Bharmani Travels Pvt Ltd.,Volvo A/C Semi Sleeper (2+2),23:58,5h 2m,05:00,11 Seats,4.3,₹674
Delhi to Chandigarh,https://www.redbus.in/bus-tickets/delhi-to-chandigarh,NueGo,Electric A/C Seater (2+2),16:30,5h 25m,21:55,2 Seats,4.1,₹418
Delhi to Chandigarh,https://www.redbus.in/bus-tickets/delhi-to-chandigarh,NueGo,Electric A/C Seater (2+2),17:30,5h 5m,22:35,15 Seats,4.1,₹399
Delhi to Chandigarh,https://www.redbus.in/bus-tickets/delhi-to-chandigarh,zingbus plus,Volvo 9600 A/C Semi Sleeper (2+2),17:30,5h 40m,23:10,14 Seats,4.3,₹658
Delhi to Chandigarh,https://www.redbus.in/bus-tickets/delhi-to-chandigarh,Laxmi holidays,Volvo 9600 A/C Semi Sleeper (2+2),17:40,5h 30m,23:10,12 Seats,4.7,₹500
Delhi to Chandigarh,https://www.redbus.in/bus-tickets/delhi-to-chandigarh,Ram Dalal Holidays Pvt Ltd,Bharat Benz A/C Seater /Sleeper (2+1),17:45,5h 50m,23:35,7 Seats,4.0,₹739
Delhi to Chandigarh,https://www.redbus.in/bus-tickets/delhi-to-chandigarh,zingbus plus,Volvo 9600 A/C Semi Sleeper (2+2),21:15,5h 25m,02:40,8 Seats,4.8,₹294
Delhi to Chandigarh,https://www.redbus.in/bus-tickets/delhi-to-chandigarh,INDO CANADIAN® EXPRESS (Luxury Intercity Service),Bharat Benz A/C Seater /Sleeper (2+1),18:30,5h 20m,23:50,8 Seats,4.0,₹869
Delhi to Chandigarh,https://www.redbus.in/bus-tickets/delhi-to-chandigarh,zingbus plus,Volvo 9600 A/C Semi Sleeper (2+2),18:30,5h 25m,23:55,7 Seats,4.5,₹942
Delhi to Chandigarh,https://www.redbus.in/bus-tickets/delhi-to-chandigarh,INDO CANADIAN® EXPRESS (Luxury Intercity Service),Bharat Benz A/C Seater /Sleeper (2+1),21:00,5h 20m,02:20,6 Seats,4.5,₹569
Delhi to Chandigarh,https://www.redbus.in/bus-tickets/delhi-to-chandigarh,zingbus plus,Volvo 9600 A/C Semi Sleeper (2+2),19:45,5h,00:45,13 Seats,4.8,₹548
Delhi to Chandigarh,https://www.redbus.in/bus-tickets/delhi-to-chandigarh,Laxmi holidays,Volvo 9600 A/C Semi Sleeper (2+2),18:00,5h 30m,23:30,16 Seats,4.6,₹500
Delhi to Chandigarh,https://www.redbus.in/bus-tickets/delhi-to-chandigarh,zingbus plus,Volvo 9600 A/C Semi Sleeper (2+2),21:15,5h 25m,02:40,8 Seats,4.8,₹294
Delhi to Chandigarh,https://www.redbus.in/bus-tickets/delhi-to-chandigarh,Laxmi holidays,Bharat Benz A/C Sleeper (2+1),18:00,5h 30m,23:30,9 Seats,4.5,₹780
Delhi to Chandigarh,https://www.redbus.in/bus-tickets/delhi-to-chandigarh,INDO CANADIAN® EXPRESS (Luxury Intercity Service),Bharat Benz A/C Seater /Sleeper (2+1),18:30,5h 20m,23:50,8 Seats,4.0,₹869
Delhi to Chandigarh,https://www.redbus.in/bus-tickets/delhi-to-chandigarh,Laxmi holidays,Volvo 9600 A/C Semi Sleeper (2+2),18:30,5h 15m,23:45,14 Seats,4.7,₹500
Chandigarh to Palampur,https://www.redbus.in/bus-tickets/chandigarh-to-palampur,Laxmi holidays,Volvo 9600 A/C Semi Sleeper (2+2),23:55,6h 5m,06:00,11 Seats,4.4,₹600
Chandigarh to Palampur,https://www.redbus.in/bus-tickets/chandigarh-to-palampur,Bharmani Travels Pvt Ltd.,Volvo A/C Semi Sleeper (2+2),23:58,6h 12m,06:10,11 Seats,4.6,₹674
Shimla to Chandigarh,https://www.redbus.in/bus-tickets/shimla-to-chandigarh,City Land Travels,Volvo A/C Semi Sleeper (2+2),20:00,3h 30m,23:30,25 Seats,3.6,₹450
Shimla to Chandigarh,https://www.redbus.in/bus-tickets/shimla-to-chandigarh,zingbus plus,Bharat Benz A/C Semi Sleeper (2+2),20:30,3h 15m,23:45,27 Seats,4.5,₹294
Shimla to Chandigarh,https://www.redbus.in/bus-tickets/shimla-to-chandigarh,Laxmi holidays,Scania Multi-Axle AC Semi Sleeper (2+2),20:30,3h 5m,23:35,31 Seats,4.8,₹500
Shimla to Chandigarh,https://www.redbus.in/bus-tickets/shimla-to-chandigarh,zingbus plus,Volvo 9600 A/C Semi Sleeper (2+2),21:00,3h 15m,00:15,7 Seats,4.4,₹630
Shimla to Chandigarh,https://www.redbus.in/bus-tickets/shimla-to-chandigarh,zingbus plus,Bharat Benz A/C Semi Sleeper (2+2),21:30,3h 15m,00:45,19 Seats,5.0,₹684
Shimla to Chandigarh,https://www.redbus.in/bus-tickets/shimla-to-chandigarh,Bedi Travels,Volvo A/C Semi Sleeper (2+2),21:30,3h 25m,00:55,6 Seats,4.9,₹521
Shimla to Chandigarh,https://www.redbus.in/bus-tickets/shimla-to-chandigarh,Deltin Travels Pvt Ltd,Scania Multi-Axle AC Semi Sleeper (2+2),22:00,2h 39m,00:39,28 Seats,4.6,₹458
Shimla to Chandigarh,https://www.redbus.in/bus-tickets/shimla-to-chandigarh,FlixBus,Bharat Benz A/C Seater (2+2),22:15,4h 25m,02:40,21 Seats,4.5,₹510
Shimla to Chandigarh,https://www.redbus.in/bus-tickets/shimla-to-chandigarh,City Land Travels,Volvo A/C Semi Sleeper (2+2),22:30,2h 50m,01:20,23 Seats,4.5,₹450
Shimla to Chandigarh,https://www.redbus.in/bus-tickets/shimla-to-chandigarh,Vishal tour and travels,Bharat Benz A/C Semi Sleeper (2+2),22:40,3h 45m,02:25,15 Seats,4.2,₹481
Shimla to Chandigarh,https://www.redbus.in/bus-tickets/shimla-to-chandigarh,Vacation Express,Volvo 9600 A/C Semi Sleeper (2+2),21:20,3h,00:20,45 Seats,3.8,"₹1,169"
Shimla to Chandigarh,https://www.redbus.in/bus-tickets/shimla-to-chandigarh,Ram Dalal Holidays Pvt Ltd,Volvo Multi-Axle I-Shift B11R Semi Sleeper (2+2),22:00,3h 45m,01:45,19 Seats,4.6,₹980
Shimla to Chandigarh,https://www.redbus.in/bus-tickets/shimla-to-chandigarh,Himalayan Nomad Ktc,Volvo A/C Semi Sleeper (2+2),23:30,3h 45m,03:15,21 Seats,4.1,"₹1,619"
Shimla to Chandigarh,https://www.redbus.in/bus-tickets/shimla-to-chandigarh,G.T.SHolidays,Bharat Benz A/C Semi Sleeper (2+2),21:00,8h,05:00,38 Seats,2.2,"₹1,200"
Hamirpur (Himachal Pradesh) to Delhi,https://www.redbus.in/bus-tickets/hamirpur-himachal-pradesh-to-delhi,Bedi Travels,Volvo A/C Semi Sleeper (2+2),22:05,8h 25m,06:30,4 Seats,4.7,₹872
Hamirpur (Himachal Pradesh) to Delhi,https://www.redbus.in/bus-tickets/hamirpur-himachal-pradesh-to-delhi,Bedi Travels,Volvo A/C Semi Sleeper (2+2),22:05,8h 25m,06:30,4 Seats,4.7,₹872
Hamirpur (Himachal Pradesh) to Delhi,https://www.redbus.in/bus-tickets/hamirpur-himachal-pradesh-to-delhi,Ram Dalal Holidays Pvt Ltd,Volvo A/C Semi Sleeper (2+2),22:00,8h 40m,06:40,8 Seats,4.7,₹869
Hamirpur (Himachal Pradesh) to Delhi,https://www.redbus.in/bus-tickets/hamirpur-himachal-pradesh-to-delhi,Ram Dalal Holidays Pvt Ltd,Volvo A/C Semi Sleeper (2+2),22:00,8h 40m,06:40,8 Seats,4.7,₹869
Hamirpur (Himachal Pradesh) to Delhi,https://www.redbus.in/bus-tickets/hamirpur-himachal-pradesh-to-delhi,Ram Dalal Holidays Pvt Ltd,Volvo A/C Semi Sleeper (2+2),20:15,9h 15m,05:30,4 Seats,4.6,"₹1,279"
Hamirpur (Himachal Pradesh) to Delhi,https://www.redbus.in/bus-tickets/hamirpur-himachal-pradesh-to-delhi,Ram Dalal Holidays Pvt Ltd,Volvo A/C Semi Sleeper (2+2),20:15,9h 15m,05:30,4 Seats,4.6,"₹1,279"
Hamirpur (Himachal Pradesh) to Delhi,https://www.redbus.in/bus-tickets/hamirpur-himachal-pradesh-to-delhi,Himalayan Nomad Ktc,Volvo A/C Semi Sleeper (2+2),22:05,7h 25m,05:30,12 Seats,3.6,₹720
Hamirpur (Himachal Pradesh) to Delhi,https://www.redbus.in/bus-tickets/hamirpur-himachal-pradesh-to-delhi,Himalayan Nomad Ktc,Volvo A/C Semi Sleeper (2+2),22:05,7h 25m,05:30,12 Seats,3.6,₹720
Hamirpur (Himachal Pradesh) to Delhi,https://www.redbus.in/bus-tickets/hamirpur-himachal-pradesh-to-delhi,Himalayan Nomad Ktc,Volvo A/C Semi Sleeper (2+2),22:25,7h 35m,06:00,6 Seats,4.4,₹675
Hamirpur (Himachal Pradesh) to Delhi,https://www.redbus.in/bus-tickets/hamirpur-himachal-pradesh-to-delhi,Himalayan Nomad Ktc,Volvo A/C Semi Sleeper (2+2),22:25,7h 35m,06:00,6 Seats,4.4,₹675
Hamirpur (Himachal Pradesh) to Delhi,https://www.redbus.in/bus-tickets/hamirpur-himachal-pradesh-to-delhi,Himalayan Nomad Ktc,Volvo A/C Semi Sleeper (2+2),22:05,7h 25m,05:30,12 Seats,3.6,₹720
Hamirpur (Himachal Pradesh) to Delhi,https://www.redbus.in/bus-tickets/hamirpur-himachal-pradesh-to-delhi,Himalayan Nomad Ktc,Volvo A/C Semi Sleeper (2+2),22:05,7h 25m,05:30,12 Seats,3.6,₹720
Hamirpur (Himachal Pradesh) to Delhi,https://www.redbus.in/bus-tickets/hamirpur-himachal-pradesh-to-delhi,Laxmi holidays,Volvo A/C Semi Sleeper (2+2),20:20,8h 10m,04:30,4 Seats,4.4,₹999
Hamirpur (Himachal Pradesh) to Delhi,https://www.redbus.in/bus-tickets/hamirpur-himachal-pradesh-to-delhi,Laxmi holidays,Volvo A/C Semi Sleeper (2+2),20:20,8h 10m,04:30,4 Seats,4.4,₹999
Hamirpur (Himachal Pradesh) to Delhi,https://www.redbus.in/bus-tickets/hamirpur-himachal-pradesh-to-delhi,Laxmi holidays,Volvo A/C Semi Sleeper (2+2),22:05,8h 55m,07:00,11 Seats,4.4,₹670
Hamirpur (Himachal Pradesh) to Delhi,https://www.redbus.in/bus-tickets/hamirpur-himachal-pradesh-to-delhi,Laxmi holidays,Volvo A/C Semi Sleeper (2+2),22:05,8h 55m,07:00,11 Seats,4.4,₹670
Hamirpur (Himachal Pradesh) to Delhi,https://www.redbus.in/bus-tickets/hamirpur-himachal-pradesh-to-delhi,Northern Travels,Volvo A/C Semi Sleeper (2+2),21:45,7h 45m,05:30,13 Seats,3.7,₹717
Hamirpur (Himachal Pradesh) to Delhi,https://www.redbus.in/bus-tickets/hamirpur-himachal-pradesh-to-delhi,Northern Travels,Volvo A/C Semi Sleeper (2+2),21:45,7h 45m,05:30,13 Seats,3.7,₹717
Hamirpur (Himachal Pradesh) to Delhi,https://www.redbus.in/bus-tickets/hamirpur-himachal-pradesh-to-delhi,Laxmi holidays,Volvo 9600 A/C Semi Sleeper (2+2),21:50,8h 10m,06:00,6 Seats,2.8,₹899
Hamirpur (Himachal Pradesh) to Delhi,https://www.redbus.in/bus-tickets/hamirpur-himachal-pradesh-to-delhi,Laxmi holidays,Volvo 9600 A/C Semi Sleeper (2+2),21:50,8h 10m,06:00,6 Seats,2.8,₹899
Hamirpur (Himachal Pradesh) to Delhi,https://www.redbus.in/bus-tickets/hamirpur-himachal-pradesh-to-delhi,HIMALAYAN HOLIDAYS,Scania A/C Semi Sleeper (2+2),22:15,8h,06:15,19 Seats,3.8,₹629
Hamirpur (Himachal Pradesh) to Delhi,https://www.redbus.in/bus-tickets/hamirpur-himachal-pradesh-to-delhi,HIMALAYAN HOLIDAYS,Scania A/C Semi Sleeper (2+2),22:15,8h,06:15,19 Seats,3.8,₹629
Hamirpur (Himachal Pradesh) to Delhi,https://www.redbus.in/bus-tickets/hamirpur-himachal-pradesh-to-delhi,New Himalaya Travels,Volvo A/C Semi Sleeper (2+2),20:45,9h 15m,06:00,20 Seats,3.8,₹669
Hamirpur (Himachal Pradesh) to Delhi,https://www.redbus.in/bus-tickets/hamirpur-himachal-pradesh-to-delhi,New Himalaya Travels,Volvo A/C Semi Sleeper (2+2),20:45,9h 15m,06:00,20 Seats,3.8,₹669
Hamirpur (Himachal Pradesh) to Delhi,https://www.redbus.in/bus-tickets/hamirpur-himachal-pradesh-to-delhi,Rudra travels,Volvo A/C Semi Sleeper (2+2),22:55,7h 50m,06:45,15 Seats,4.3,₹672
Hamirpur (Himachal Pradesh) to Delhi,https://www.redbus.in/bus-tickets/hamirpur-himachal-pradesh-to-delhi,Rudra travels,Volvo A/C Semi Sleeper (2+2),22:55,7h 50m,06:45,15 Seats,4.3,₹672
Chandigarh to Dharamshala (Himachal Pradesh),https://www.redbus.in/bus-tickets/chandigarh-to-dharamshala,HRTC - 91,Himsuta AC Seater Volvo/Scania 2+2,22:10,6h 30m,04:40,34 Seats,4.2,₹883
Chandigarh to Dharamshala (Himachal Pradesh),https://www.redbus.in/bus-tickets/chandigarh-to-dharamshala,HRTC - 91,Himsuta AC Seater Volvo/Scania 2+2,22:10,6h 30m,04:40,34 Seats,4.2,₹883
Chandigarh to Dharamshala (Himachal Pradesh),https://www.redbus.in/bus-tickets/chandigarh-to-dharamshala,Laxmi holidays,Bharat Benz A/C Semi Sleeper (2+2),23:50,5h 40m,05:30,6 Seats,4.4,₹622
Chandigarh to Dharamshala (Himachal Pradesh),https://www.redbus.in/bus-tickets/chandigarh-to-dharamshala,Laxmi holidays,Bharat Benz A/C Semi Sleeper (2+2),23:50,5h 40m,05:30,6 Seats,4.4,₹622
Chandigarh to Dharamshala (Himachal Pradesh),https://www.redbus.in/bus-tickets/chandigarh-to-dharamshala,New Walia Travels,Volvo 9600 A/C Semi Sleeper (2+2),23:55,6h 5m,06:00,11 Seats,4.7,₹567
Chandigarh to Dharamshala (Himachal Pradesh),https://www.redbus.in/bus-tickets/chandigarh-to-dharamshala,New Walia Travels,Volvo 9600 A/C Semi Sleeper (2+2),23:55,6h 5m,06:00,11 Seats,4.7,₹567
Delhi to Baddi (Himachal Pradesh),https://www.redbus.in/bus-tickets/delhi-to-baddi-himachal-pradesh,TANISHQ HOLIDAYS TOUR,Volvo Multi-Axle A/C Semi Sleeper (2+2),21:00,6h 30m,03:30,49 Seats,3.0,"₹1,619"
Delhi to Baddi (Himachal Pradesh),https://www.redbus.in/bus-tickets/delhi-to-baddi-himachal-pradesh,TANISHQ HOLIDAYS TOUR,Volvo Multi-Axle A/C Semi Sleeper (2+2),21:00,6h 30m,03:30,49 Seats,3.0,"₹1,619"
Ghumarwin to Chandigarh,https://www.redbus.in/bus-tickets/ghumarwin-to-chandigarh,HRTC - 1123,Ordinary 3+2 Non AC Seater,23:00,5h 20m,04:20,23 Seats,3.8,₹260
Ghumarwin to Chandigarh,https://www.redbus.in/bus-tickets/ghumarwin-to-chandigarh,HRTC - 1123,Ordinary 3+2 Non AC Seater,23:00,5h 20m,04:20,23 Seats,3.8,₹260
Ghumarwin to Chandigarh,https://www.redbus.in/bus-tickets/ghumarwin-to-chandigarh,Laxmi holidays,Volvo A/C Semi Sleeper (2+2),21:30,3h,00:30,4 Seats,4.3,₹999
Ghumarwin to Chandigarh,https://www.redbus.in/bus-tickets/ghumarwin-to-chandigarh,Laxmi holidays,Volvo A/C Semi Sleeper (2+2),21:30,3h,00:30,4 Seats,4.3,₹999
Ghumarwin to Chandigarh,https://www.redbus.in/bus-tickets/ghumarwin-to-chandigarh,Rudra travels,Volvo A/C Semi Sleeper (2+2),22:50,2h 40m,01:30,20 Seats,4.3,₹699
Ghumarwin to Chandigarh,https://www.redbus.in/bus-tickets/ghumarwin-to-chandigarh,Rudra travels,Volvo A/C Semi Sleeper (2+2),22:50,2h 40m,01:30,20 Seats,4.3,₹699
Ghumarwin to Chandigarh,https://www.redbus.in/bus-tickets/ghumarwin-to-chandigarh,Ram Dalal Holidays Pvt Ltd,Volvo A/C Semi Sleeper (2+2),23:00,3h 20m,02:20,8 Seats,4.3,₹899
Ghumarwin to Chandigarh,https://www.redbus.in/bus-tickets/ghumarwin-to-chandigarh,Ram Dalal Holidays Pvt Ltd,Volvo A/C Semi Sleeper (2+2),23:00,3h 20m,02:20,8 Seats,4.3,₹899
Ghumarwin to Chandigarh,https://www.redbus.in/bus-tickets/ghumarwin-to-chandigarh,Laxmi holidays,Volvo 9600 A/C Semi Sleeper (2+2),23:00,3h,02:00,6 Seats,4.3,₹899
Ghumarwin to Chandigarh,https://www.redbus.in/bus-tickets/ghumarwin-to-chandigarh,Laxmi holidays,Volvo 9600 A/C Semi Sleeper (2+2),23:00,3h,02:00,6 Seats,4.3,₹899
Ghumarwin to Chandigarh,https://www.redbus.in/bus-tickets/ghumarwin-to-chandigarh,Himalayan Nomad Ktc,Volvo A/C Semi Sleeper (2+2),23:00,2h 30m,01:30,12 Seats,4.1,₹720
Ghumarwin to Chandigarh,https://www.redbus.in/bus-tickets/ghumarwin-to-chandigarh,Himalayan Nomad Ktc,Volvo A/C Semi Sleeper (2+2),23:00,2h 30m,01:30,12 Seats,4.1,₹720
Ghumarwin to Chandigarh,https://www.redbus.in/bus-tickets/ghumarwin-to-chandigarh,HIMALAYAN HOLIDAYS,Scania A/C Semi Sleeper (2+2),23:10,2h 50m,02:00,19 Seats,3.8,₹629
Ghumarwin to Chandigarh,https://www.redbus.in/bus-tickets/ghumarwin-to-chandigarh,HIMALAYAN HOLIDAYS,Scania A/C Semi Sleeper (2+2),23:10,2h 50m,02:00,19 Seats,3.8,₹629
Ghumarwin to Chandigarh,https://www.redbus.in/bus-tickets/ghumarwin-to-chandigarh,Bedi Travels,Volvo A/C Semi Sleeper (2+2),23:15,2h 40m,01:55,4 Seats,4.8,₹872
Ghumarwin to Chandigarh,https://www.redbus.in/bus-tickets/ghumarwin-to-chandigarh,Bedi Travels,Volvo A/C Semi Sleeper (2+2),23:15,2h 40m,01:55,4 Seats,4.8,₹872
Ghumarwin to Chandigarh,https://www.redbus.in/bus-tickets/ghumarwin-to-chandigarh,Himalayan Nomad Ktc,Volvo A/C Semi Sleeper (2+2),23:20,2h 25m,01:45,11 Seats,4.1,₹675
Ghumarwin to Chandigarh,https://www.redbus.in/bus-tickets/ghumarwin-to-chandigarh,Himalayan Nomad Ktc,Volvo A/C Semi Sleeper (2+2),23:20,2h 25m,01:45,11 Seats,4.1,₹675
Ghumarwin to Chandigarh,https://www.redbus.in/bus-tickets/ghumarwin-to-chandigarh,Northern Travels,Volvo A/C Semi Sleeper (2+2),22:50,2h 40m,01:30,13 Seats,2.9,₹717
Ghumarwin to Chandigarh,https://www.redbus.in/bus-tickets/ghumarwin-to-chandigarh,Northern Travels,Volvo A/C Semi Sleeper (2+2),22:50,2h 40m,01:30,13 Seats,2.9,₹717
Ghumarwin to Chandigarh,https://www.redbus.in/bus-tickets/ghumarwin-to-chandigarh,JSR HOLIDAYS,Volvo A/C Semi Sleeper (2+2),23:30,2h 15m,01:45,10 Seats,2.7,"₹1,299"
Ghumarwin to Chandigarh,https://www.redbus.in/bus-tickets/ghumarwin-to-chandigarh,JSR HOLIDAYS,Volvo A/C Semi Sleeper (2+2),23:30,2h 15m,01:45,10 Seats,2.7,"₹1,299"
Hamirpur (Himachal Pradesh) to Delhi,https://www.redbus.in/bus-tickets/hamirpur-himachal-pradesh-to-delhi,Bedi Travels,Volvo A/C Semi Sleeper (2+2),22:05,8h 25m,06:30,4 Seats,4.7,₹872
Hamirpur (Himachal Pradesh) to Delhi,https://www.redbus.in/bus-tickets/hamirpur-himachal-pradesh-to-delhi,Bedi Travels,Volvo A/C Semi Sleeper (2+2),22:05,8h 25m,06:30,4 Seats,4.7,₹872
Hamirpur (Himachal Pradesh) to Delhi,https://www.redbus.in/bus-tickets/hamirpur-himachal-pradesh-to-delhi,Ram Dalal Holidays Pvt Ltd,Volvo A/C Semi Sleeper (2+2),22:00,8h 40m,06:40,8 Seats,4.7,₹869
Hamirpur (Himachal Pradesh) to Delhi,https://www.redbus.in/bus-tickets/hamirpur-himachal-pradesh-to-delhi,Ram Dalal Holidays Pvt Ltd,Volvo A/C Semi Sleeper (2+2),22:00,8h 40m,06:40,8 Seats,4.7,₹869
Hamirpur (Himachal Pradesh) to Delhi,https://www.redbus.in/bus-tickets/hamirpur-himachal-pradesh-to-delhi,Ram Dalal Holidays Pvt Ltd,Volvo A/C Semi Sleeper (2+2),20:15,9h 15m,05:30,4 Seats,4.6,"₹1,279"
Hamirpur (Himachal Pradesh) to Delhi,https://www.redbus.in/bus-tickets/hamirpur-himachal-pradesh-to-delhi,Ram Dalal Holidays Pvt Ltd,Volvo A/C Semi Sleeper (2+2),20:15,9h 15m,05:30,4 Seats,4.6,"₹1,279"
Hamirpur (Himachal Pradesh) to Delhi,https://www.redbus.in/bus-tickets/hamirpur-himachal-pradesh-to-delhi,Himalayan Nomad Ktc,Volvo A/C Semi Sleeper (2+2),22:05,7h 25m,05:30,12 Seats,3.6,₹720
Hamirpur (Himachal Pradesh) to Delhi,https://www.redbus.in/bus-tickets/hamirpur-himachal-pradesh-to-delhi,Himalayan Nomad Ktc,Volvo A/C Semi Sleeper (2+2),22:05,7h 25m,05:30,12 Seats,3.6,₹720
Hamirpur (Himachal Pradesh) to Delhi,https://www.redbus.in/bus-tickets/hamirpur-himachal-pradesh-to-delhi,Himalayan Nomad Ktc,Volvo A/C Semi Sleeper (2+2),22:25,7h 35m,06:00,6 Seats,4.4,₹675
Hamirpur (Himachal Pradesh) to Delhi,https://www.redbus.in/bus-tickets/hamirpur-himachal-pradesh-to-delhi,Himalayan Nomad Ktc,Volvo A/C Semi Sleeper (2+2),22:25,7h 35m,06:00,6 Seats,4.4,₹675
Hamirpur (Himachal Pradesh) to Delhi,https://www.redbus.in/bus-tickets/hamirpur-himachal-pradesh-to-delhi,Himalayan Nomad Ktc,Volvo A/C Semi Sleeper (2+2),22:05,7h 25m,05:30,12 Seats,3.6,₹720
Hamirpur (Himachal Pradesh) to Delhi,https://www.redbus.in/bus-tickets/hamirpur-himachal-pradesh-to-delhi,Himalayan Nomad Ktc,Volvo A/C Semi Sleeper (2+2),22:05,7h 25m,05:30,12 Seats,3.6,₹720
Hamirpur (Himachal Pradesh) to Delhi,https://www.redbus.in/bus-tickets/hamirpur-himachal-pradesh-to-delhi,Laxmi holidays,Volvo A/C Semi Sleeper (2+2),20:20,8h 10m,04:30,4 Seats,4.4,₹999
Hamirpur (Himachal Pradesh) to Delhi,https://www.redbus.in/bus-tickets/hamirpur-himachal-pradesh-to-delhi,Laxmi holidays,Volvo A/C Semi Sleeper (2+2),20:20,8h 10m,04:30,4 Seats,4.4,₹999
Hamirpur (Himachal Pradesh) to Delhi,https://www.redbus.in/bus-tickets/hamirpur-himachal-pradesh-to-delhi,Laxmi holidays,Volvo A/C Semi Sleeper (2+2),22:05,8h 55m,07:00,11 Seats,4.4,₹670
Hamirpur (Himachal Pradesh) to Delhi,https://www.redbus.in/bus-tickets/hamirpur-himachal-pradesh-to-delhi,Laxmi holidays,Volvo A/C Semi Sleeper (2+2),22:05,8h 55m,07:00,11 Seats,4.4,₹670
Hamirpur (Himachal Pradesh) to Delhi,https://www.redbus.in/bus-tickets/hamirpur-himachal-pradesh-to-delhi,Northern Travels,Volvo A/C Semi Sleeper (2+2),21:45,7h 45m,05:30,13 Seats,3.7,₹717
Hamirpur (Himachal Pradesh) to Delhi,https://www.redbus.in/bus-tickets/hamirpur-himachal-pradesh-to-delhi,Northern Travels,Volvo A/C Semi Sleeper (2+2),21:45,7h 45m,05:30,13 Seats,3.7,₹717
Hamirpur (Himachal Pradesh) to Delhi,https://www.redbus.in/bus-tickets/hamirpur-himachal-pradesh-to-delhi,Laxmi holidays,Volvo 9600 A/C Semi Sleeper (2+2),21:50,8h 10m,06:00,6 Seats,2.8,₹899
Hamirpur (Himachal Pradesh) to Delhi,https://www.redbus.in/bus-tickets/hamirpur-himachal-pradesh-to-delhi,Laxmi holidays,Volvo 9600 A/C Semi Sleeper (2+2),21:50,8h 10m,06:00,6 Seats,2.8,₹899
Hamirpur (Himachal Pradesh) to Delhi,https://www.redbus.in/bus-tickets/hamirpur-himachal-pradesh-to-delhi,HIMALAYAN HOLIDAYS,Scania A/C Semi Sleeper (2+2),22:15,8h,06:15,19 Seats,3.8,₹629
Hamirpur (Himachal Pradesh) to Delhi,https://www.redbus.in/bus-tickets/hamirpur-himachal-pradesh-to-delhi,HIMALAYAN HOLIDAYS,Scania A/C Semi Sleeper (2+2),22:15,8h,06:15,19 Seats,3.8,₹629
Hamirpur (Himachal Pradesh) to Delhi,https://www.redbus.in/bus-tickets/hamirpur-himachal-pradesh-to-delhi,New Himalaya Travels,Volvo A/C Semi Sleeper (2+2),20:45,9h 15m,06:00,20 Seats,3.8,₹669
Hamirpur (Himachal Pradesh) to Delhi,https://www.redbus.in/bus-tickets/hamirpur-himachal-pradesh-to-delhi,New Himalaya Travels,Volvo A/C Semi Sleeper (2+2),20:45,9h 15m,06:00,20 Seats,3.8,₹669
Hamirpur (Himachal Pradesh) to Delhi,https://www.redbus.in/bus-tickets/hamirpur-himachal-pradesh-to-delhi,Rudra travels,Volvo A/C Semi Sleeper (2+2),22:55,7h 50m,06:45,15 Seats,4.3,₹672
Hamirpur (Himachal Pradesh) to Delhi,https://www.redbus.in/bus-tickets/hamirpur-himachal-pradesh-to-delhi,Rudra travels,Volvo A/C Semi Sleeper (2+2),22:55,7h 50m,06:45,15 Seats,4.3,₹672
Chandigarh to Dharamshala (Himachal Pradesh),https://www.redbus.in/bus-tickets/chandigarh-to-dharamshala,HRTC - 91,Himsuta AC Seater Volvo/Scania 2+2,22:10,6h 30m,04:40,34 Seats,4.2,₹883
Chandigarh to Dharamshala (Himachal Pradesh),https://www.redbus.in/bus-tickets/chandigarh-to-dharamshala,HRTC - 91,Himsuta AC Seater Volvo/Scania 2+2,22:10,6h 30m,04:40,34 Seats,4.2,₹883
Chandigarh to Dharamshala (Himachal Pradesh),https://www.redbus.in/bus-tickets/chandigarh-to-dharamshala,Laxmi holidays,Bharat Benz A/C Semi Sleeper (2+2),23:50,5h 40m,05:30,6 Seats,4.4,₹622
Chandigarh to Dharamshala (Himachal Pradesh),https://www.redbus.in/bus-tickets/chandigarh-to-dharamshala,Laxmi holidays,Bharat Benz A/C Semi Sleeper (2+2),23:50,5h 40m,05:30,6 Seats,4.4,₹622
Chandigarh to Dharamshala (Himachal Pradesh),https://www.redbus.in/bus-tickets/chandigarh-to-dharamshala,New Walia Travels,Volvo 9600 A/C Semi Sleeper (2+2),23:55,6h 5m,06:00,11 Seats,4.7,₹567
Chandigarh to Dharamshala (Himachal Pradesh),https://www.redbus.in/bus-tickets/chandigarh-to-dharamshala,New Walia Travels,Volvo 9600 A/C Semi Sleeper (2+2),23:55,6h 5m,06:00,11 Seats,4.7,₹567
Delhi to Baddi (Himachal Pradesh),https://www.redbus.in/bus-tickets/delhi-to-baddi-himachal-pradesh,TANISHQ HOLIDAYS TOUR,Volvo Multi-Axle A/C Semi Sleeper (2+2),21:00,6h 30m,03:30,49 Seats,3.0,"₹1,619"
Delhi to Baddi (Himachal Pradesh),https://www.redbus.in/bus-tickets/delhi-to-baddi-himachal-pradesh,TANISHQ HOLIDAYS TOUR,Volvo Multi-Axle A/C Semi Sleeper (2+2),21:00,6h 30m,03:30,49 Seats,3.0,"₹1,619"
Ghumarwin to Chandigarh,https://www.redbus.in/bus-tickets/ghumarwin-to-chandigarh,HRTC - 1123,Ordinary 3+2 Non AC Seater,23:00,5h 20m,04:20,23 Seats,3.8,₹260
Ghumarwin to Chandigarh,https://www.redbus.in/bus-tickets/ghumarwin-to-chandigarh,HRTC - 1123,Ordinary 3+2 Non AC Seater,23:00,5h 20m,04:20,23 Seats,3.8,₹260
Ghumarwin to Chandigarh,https://www.redbus.in/bus-tickets/ghumarwin-to-chandigarh,Laxmi holidays,Volvo A/C Semi Sleeper (2+2),21:30,3h,00:30,4 Seats,4.3,₹999
Ghumarwin to Chandigarh,https://www.redbus.in/bus-tickets/ghumarwin-to-chandigarh,Laxmi holidays,Volvo A/C Semi Sleeper (2+2),21:30,3h,00:30,4 Seats,4.3,₹999
Ghumarwin to Chandigarh,https://www.redbus.in/bus-tickets/ghumarwin-to-chandigarh,Rudra travels,Volvo A/C Semi Sleeper (2+2),22:50,2h 40m,01:30,20 Seats,4.3,₹699
Ghumarwin to Chandigarh,https://www.redbus.in/bus-tickets/ghumarwin-to-chandigarh,Rudra travels,Volvo A/C Semi Sleeper (2+2),22:50,2h 40m,01:30,20 Seats,4.3,₹699
Ghumarwin to Chandigarh,https://www.redbus.in/bus-tickets/ghumarwin-to-chandigarh,Ram Dalal Holidays Pvt Ltd,Volvo A/C Semi Sleeper (2+2),23:00,3h 20m,02:20,8 Seats,4.3,₹899
Ghumarwin to Chandigarh,https://www.redbus.in/bus-tickets/ghumarwin-to-chandigarh,Ram Dalal Holidays Pvt Ltd,Volvo A/C Semi Sleeper (2+2),23:00,3h 20m,02:20,8 Seats,4.3,₹899
Ghumarwin to Chandigarh,https://www.redbus.in/bus-tickets/ghumarwin-to-chandigarh,Laxmi holidays,Volvo 9600 A/C Semi Sleeper (2+2),23:00,3h,02:00,6 Seats,4.3,₹899
Ghumarwin to Chandigarh,https://www.redbus.in/bus-tickets/ghumarwin-to-chandigarh,Laxmi holidays,Volvo 9600 A/C Semi Sleeper (2+2),23:00,3h,02:00,6 Seats,4.3,₹899
Ghumarwin to Chandigarh,https://www.redbus.in/bus-tickets/ghumarwin-to-chandigarh,Himalayan Nomad Ktc,Volvo A/C Semi Sleeper (2+2),23:00,2h 30m,01:30,12 Seats,4.1,₹720
Ghumarwin to Chandigarh,https://www.redbus.in/bus-tickets/ghumarwin-to-chandigarh,Himalayan Nomad Ktc,Volvo A/C Semi Sleeper (2+2),23:00,2h 30m,01:30,12 Seats,4.1,₹720
Ghumarwin to Chandigarh,https://www.redbus.in/bus-tickets/ghumarwin-to-chandigarh,HIMALAYAN HOLIDAYS,Scania A/C Semi Sleeper (2+2),23:10,2h 50m,02:00,19 Seats,3.8,₹629
Ghumarwin to Chandigarh,https://www.redbus.in/bus-tickets/ghumarwin-to-chandigarh,HIMALAYAN HOLIDAYS,Scania A/C Semi Sleeper (2+2),23:10,2h 50m,02:00,19 Seats,3.8,₹629
Ghumarwin to Chandigarh,https://www.redbus.in/bus-tickets/ghumarwin-to-chandigarh,Bedi Travels,Volvo A/C Semi Sleeper (2+2),23:15,2h 40m,01:55,4 Seats,4.8,₹872
Ghumarwin to Chandigarh,https://www.redbus.in/bus-tickets/ghumarwin-to-chandigarh,Bedi Travels,Volvo A/C Semi Sleeper (2+2),23:15,2h 40m,01:55,4 Seats,4.8,₹872
Ghumarwin to Chandigarh,https://www.redbus.in/bus-tickets/ghumarwin-to-chandigarh,Himalayan Nomad Ktc,Volvo A/C Semi Sleeper (2+2),23:20,2h 25m,01:45,11 Seats,4.1,₹675
Ghumarwin to Chandigarh,https://www.redbus.in/bus-tickets/ghumarwin-to-chandigarh,Himalayan Nomad Ktc,Volvo A/C Semi Sleeper (2+2),23:20,2h 25m,01:45,11 Seats,4.1,₹675
Ghumarwin to Chandigarh,https://www.redbus.in/bus-tickets/ghumarwin-to-chandigarh,Northern Travels,Volvo A/C Semi Sleeper (2+2),22:50,2h 40m,01:30,13 Seats,2.9,₹717
Ghumarwin to Chandigarh,https://www.redbus.in/bus-tickets/ghumarwin-to-chandigarh,Northern Travels,Volvo A/C Semi Sleeper (2+2),22:50,2h 40m,01:30,13 Seats,2.9,₹717
Ghumarwin to Chandigarh,https://www.redbus.in/bus-tickets/ghumarwin-to-chandigarh,JSR HOLIDAYS,Volvo A/C Semi Sleeper (2+2),23:30,2h 15m,01:45,10 Seats,2.7,"₹1,299"
Ghumarwin to Chandigarh,https://www.redbus.in/bus-tickets/ghumarwin-to-chandigarh,JSR HOLIDAYS,Volvo A/C Semi Sleeper (2+2),23:30,2h 15m,01:45,10 Seats,2.7,"₹1,299"
